{
    "total_runtime": 134.5114631652832,
    "num_documents": 1,
    "update_documents": 0,
    "input_load_time": 0,
    "workflows": {
        "load_input_documents": {
            "overall": 0.023736000061035156
        },
        "create_base_text_units": {
            "overall": 0.13680481910705566
        },
        "create_final_documents": {
            "overall": 0.018509864807128906
        },
        "extract_graph": {
            "overall": 64.9645185470581
        },
        "finalize_graph": {
            "overall": 6.209638357162476
        },
        "extract_covariates": {
            "overall": 0.0003056526184082031
        },
        "create_communities": {
            "overall": 0.0425868034362793
        },
        "create_final_text_units": {
            "overall": 0.028813600540161133
        },
        "create_community_reports": {
            "overall": 50.15436506271362
        },
        "generate_text_embeddings": {
            "overall": 12.930872440338135
        }
    }
}